sample_id	label	text
etq-000	0	"Hence, there is cost justification for building central recording 105 using high quality, professional-grade equipment that is often impractical for individual participants 101."
etq-001	0	"Then community members are actual practitioners as well and build a shared repertoire of resources and ideas that they take back to their practice which is also an important point for, particularly for the IWA of observation because we do know that the, the practitioners out there are not necessarily a lot"
etq-002	1	"Despite our efforts to safeguard and maintain our proprietary rights, there can be no assurance that such rights will remain protected or that we will be able to detect unauthorized use and take appropriate steps to enforce our intellectual property rights."
etq-003	1	Is there a second?
etq-004	0	"According to a second capacitance sensor according to one or more embodiments of the present invention, there is provided a second capacitance sensor in which an aperture ratio of a back plate is adjusted by a hole diameter of an opening formed in the back plate, at least one of the vibration electrode plate and the fixed electrode plate is divided into two regions in which the two sensing units are formed, and the hole diameter of the opening in the sensing unit having the vibration electrode plate having a small area is ½ or less the hole diameter of the opening in the sensing unit having the vibration electrode plate having a large area."
etq-005	0	But there may be inclusion orcross of most parts situation between anchors.
etq-006	0	"There could be additional effects from the credit crisis on our business, including the insolvency of key suppliers or their inability to obtain credit to finance the development and/or manufacture of our products resulting in product delays, and the inability of our customers and distributors to obtain credit to finance purchases of our products."
etq-007	1	"With larger doses of digitalis there may be a com- plete block, so that impulses do not pass from the auricles to the ventricles, and the latter then take up an independent rhythm, usually much slower than that of the auricles."
etq-008	0	In other embodiments there may be other numbers of projections extending around such lateral periphery.
etq-009	0	"To accomplish the above and other objects of the present invention, there is provided a carrier recovery apparatus for recovering a carrier with respect to an input signal, having a multiplier, a matched filter, a phase error detector, a loop filter and a numerically controlled oscillator (NCO)."
etq-010	0	"However, sincethe number of transformers used therein is not accordingly reduced,there is a limit to reducing the occupied area."
etq-011	0	"However, the time for running passenger trains, it is said, will be revised, and it is thought that inasmuch as the Union Pacific, Pennsylvania, and Chicago and Northwestern have been considering such a deal that he is there for the purpose of arranging matters in that direction."
etq-012	0	"On March 14, 2013, there were 2,791 holders of record of our common stock."
etq-013	1	"Frequently, however, there is no stretching of the opening, and the valves themselves are unaffected, although during life there has certainly been regurgitation."
etq-014	0	"Isthere arequirement ofaminimum number orpercentage oflocal directors, managers orstaff(please specify)?"
etq-015	1	"However, those skilled in the art recognize there are many waysto fuse the bond, and are skilled in the recognition of the appropriatetemperature."
etq-016	0	"The major had moved his headquarters back to a camp about a mile in the rear and it was believed another battalion, a battalion of shock troops would come into the trenches that night to reinforce the battalion already there."
etq-017	1	"For instance, LGApackages are typically cheaper to manufacture than BGA packages becausethere is no need to form solder balls or solder bumps."
etq-018	1	"At S420, the linker receives the object file from the compiler, linksthe object file and determines whether there occurs a TOC accessoverflow within the object file during the linking procedure."
etq-019	0	There may besidewall spacers 709 on the gate 706.
etq-020	0	"Too, it is not merely the etiologic factor that Justifies the dif- ferentiation; there are also other peculiarities in the origin, course, and grouping of symptoms upon which the differential diagnosis rests."
etq-021	0	"For example, on a news website, there may be web entries related to related stories articles along with the primary content being displayed."
etq-022	0	There may be situations where the system can use a single set of radios to monitor across multiple towers (if the towers use identical or similar configurations to serve the same EARFCN).
etq-023	0	"While we found similar representation systems (around economics), there were differences across individual DEs in favoured economics schools of thoughts."
etq-024	1	There was a question at the time as to whether the case was malignant scarlet fever or malignant smallpox.
etq-025	0	"There I was received by a crowd of officials, among whom were two great Confucian scholars with the Hanlin Degree, an authority on Buddhism and an authority on Taoism, whose know- ledge subsequently proved to be extremely small."
etq-026	1	"It is noteworthy that there was not a case of the first magnitude involving the intrinsic reasonableness of a specific rate; that is, its reasonableness per se apart from its relation to other rates."
etq-027	0	"In arrangements such as indicated in Figs. 5 and 6, wherein in addition to directive transmitting or receiving structure there is employed in cooperation an antenna structure, the entire combination has uni-lateral characteristics in that in a direction opposite to that in which maximum transmitting and receiving efi'ects are possible the transmitting and receiving effects are zero."
etq-028	1	"In this case, there is a high probability that the drain valve is notopen, even though the valve opening instructions were issued."
etq-029	0	"5 , there is shown an illustration of a flowchart 500 depicting steps of a method for triggering actions in a surveillance area, in accordance with an embodiment of the present disclosure."
etq-030	0	There are two classes of legends and opinions relating to this sub- ject.
etq-031	1	"Terminal 15 is also connected to ground through a highresistance resistor 53; so that, as long as there is a voltage availableat terminal 15, transistor 50 is back biased and does not conductthrough the control circuit 51."
etq-032	0	"There are substances whose isolation is hereby attempted which are difficultly soluble in strong spirit, but dissolve considerably by the agency of potash or ammonia, so that the greatest portion of them are separated from such solutions by an acid, whilst others extracted by the same means and at the same time are not precipitated by an acid, because they remain dissolved in a free condition in alcohol diluted with much water."
etq-033	1	We must awaken the feelings that there may be a disposition to do the right.
etq-034	1	"This document makes explicit use of the RFID technology, citing buried lines as object to be identified, but there is no treatment of the information."
etq-035	1	"Until the arrival of unipolar quantum well optical sources having characteristic highly divergent mid-IR output beams, and further the arrival of new applications in view of this particular source, there has been little or no effort to discover new devices characterized as high numerical aperture, short focal length, mid-IR lenses, and any such efforts have failed; and indeed left a great and unfulfilled need."
etq-036	1	"Additionally, European Union initially hoped that there will be a central vaccination procurement and this would be a symbol of unity between the European Union countries."
etq-037	0	DETAILED DESCRIPTION OF THE PREFERRED EMBODIMENTS Referring to FIG. 1 there is shown a direct monitoring furnace providedin an apparatus for growing single crystals in accordance with thepresent invention.
etq-038	0	"Thus, there remains a need for systems and corresponding devices and processes that avoid the shortcomings of existing networks for delivering Internet content using the CN."
etq-039	0	There the ethylene glycol is held in heat transfer relationship with the walls 32 of the environmental chamber 14.
etq-040	0	"By sustaining the cumulative sentences imposed in the present case, and by following the authorities which the opinion cites, it is made possible for a district judge to sentence a thief for twenty years, provided there is added to the theft count of the indictment a count charging the possession of the stolen goods at the time and place of the theft."
etq-041	1	There are obvious limits to the mechanical strain which the muscles or the heart will bear ; to the production of heat in the presence of intense cold ; there is a limit even to the functional capacity of that marvellously adaptive and tolerant organ the stomach !
etq-042	1	As to the means of giving effect to the foregoing recommendations : — Practical Chemistry being now generally taught in Schools of Medicine there can be no difficulty as to its introduction into the Curriculum of Study.
etq-043	1	"In stricture of the urethra, and also in bilateral constrictions of the ureters, however, there is, of course, an obstacle for the passage of urine, so that the amount of urine may be abnormally small."
etq-044	1	The living conditions of the labourers who farmed the land must have been bearable as there are no records of revolts by the landless against wealthy landlords.
etq-045	1	There is currently no market for these shares and one is not likely to develop.
etq-046	0	"As a result, there is central identifiability of when the memory content of a memory module has been written."
etq-047	1	"There are not and have not been any disagreements between the Company and its accountants on any matter of accounting principles, practices or financial statement disclosure."
etq-048	1	"The U. S. S. R. is the only country on the globe where subversives cannot thrive and where there is no underground movement, as existed in Germany, Italy and Japan during the days when these countries were dictatorships."
etq-049	1	Nominallythere is a zero degree incidence angle of the air impinging on thesuction surfaces 64.
etq-050	1	"There are many details in the contour of the head, and if the stronger development of one part indicates sympathy, and another sexuality, and another sense for beauty, and another honesty, and so on through a long list of mental inclinations, the phrenologist who has some training in examining the head by touch would be the ideal adviser of every employer of a working force."
etq-051	0	"No statements have come from railroad headquarters here regarding the employment of strikebreakers, but, according to the agencies which have been mustering these emergency workers, there are several thousands of them already in the city."
etq-052	1	"There are no signs of obstruction pres- ent with febrile murmurs, while they are frequent with endocarditis."
etq-053	1	"Finally, in the current economic environment, which is characterized by softening demand for discretionary items, such as apparel and related products, there has been a consistently increased level of promotional activity, both at our retail stores and at department stores, which has had an adverse effect on our revenues and profitability."
etq-054	0	There is not in the history of mankind any thing more singular or extraAragant than the form which they devised for this purpose.
etq-055	0	"In China, on the other hand, wages are lower than anywhere else, and the industrial arts have been for a long time stationary, if they have not absolutely retrograded, machinery is hardly used, goods are still transported on men's shoulders, production is relatively very small, and though there are large concentrations of wealth, the country is as a whole miserably poor."
etq-056	0	"In some fittings, in addition to the conduit gripping devices there may be one or more additional parts, for example seals."
etq-057	0	They know what we must expect and what will happen before there is victory on either side.
etq-058	0	"In the families of sufferers from ""inherited"" tuberculosis in the old meaning of the term, there is found some support for the idea of a partial immunity, inherited or acquired, from parental sources."
etq-059	0	"Under the influence of these causes, which were common to all the divisions of the Roman Empire, the political institutions of Europe were established ; and although they were modified bv the peculiar character of the diflferent nations, by their cus- toms and other causes, which there is not space to detail, the same general results were produced."
etq-060	0	There remains to us the satisfaction that the worthy commander of the United States squadron would have served as judge in case the international duel proposed by us had taken place.
etq-061	0	"That is, there may be disposed an anodeelectrode 21 and ground electrodes 22, 23 in a manner to enclose thespace between the target 3 and the stage 6 within the vacuum chamber 2.Then, at the time of film forming, positive voltage is charged to theanode electrode 21 that is positioned on the side of the target 3."
etq-062	0	"Sometimes this membrane is actively hyper - semic and secretes freely, and then there will be considerable cough and expectoration ; but if the lesions be confined to the terminal bronchi and the alveoli this will not be the case."
etq-063	1	Some Speculation There is some speculation on hay by those who can afford to hold.
etq-064	1	"There have been, comparatively speaking, few literary con- tributions to the subject of traumatism and tuberculosis in British medical periodicals."
etq-065	1	"Thus, there is a clear demarcation between the tissue and the blood, allowing for a more precise definition of the blood/vessel boundary surface 60."
etq-066	0	"Until there can be coordination and methods more direct, the United States will be groping in the dark for many months before we can place ourselves in proper fighting trim."
etq-067	0	"This occurrence can imply that, although there is consistency in the PSD profile, it does not represent the optimized PSD “signature”."
etq-068	1	Determination is made as to whether there is a selection hit and a prediction hit.
etq-069	0	"To this progress corresponds the right to a larger participation in the political life of the nation, as there is nothing worse than to have a parliament assembly which does not thoroughly and sincerely represent the country."
etq-070	1	"The Jewish confession, as in England and several European countries, does not disable its members from the enjoyment of any political rights; and there is no word in the constitution, by which any other worship; even a heathen one, could be legally proscribed."
etq-071	0	"Since the input voltage waveform information is also input to thecontrol loop, there are the advantages that the starting time of themagnetron is shortened and that the power factor at the time of lowinput current is improved."
etq-072	1	"1. There will, in general, be some pressure on the concave side ofthe dome; this will often simply be atmospheric pressure, but could behigher or lower than atmospheric pressure."
etq-073	1	"Correspondingly, if there is a need to measure different types of objects, there may also be a need for different types of jigs or other positioning means that may need to be changed between the measurements."
etq-074	0	"And whether we have peace or war with England, there is one thing that nation will learn from the present trouble, and that is that we appreciate and shall remember for some time to come the cowardice and the meanness they have displayed in seeking to take advantage of our misfortunes, and in encouraging and aiding the traitors who seek our destruction."
etq-075	0	"There are in all nine subjects of examination, but a can- didate can only take up five."
etq-076	1	okay if you asked us four months back as skill sphere education or if you ask Deshmukh sir or Shilpa ma'am whether we could discuss the possibility of an online school four months or five months back we would have all laughed at you we would have laughed at ourselves if somebody asked us to possibly you know move everything online but necessity is the mother of invention and COVID-19 has given us the opportunity to realize that there is such a wonderful platform that exists for its for our utilization right there are so many issues that can be sorted out via online learning and that does not in any way disregard offline learning but whether it can't take place learning has to move on and online learning is something that's redefining the way we are doing things I think you know a great man once said that the worst thing that we can do is not manage to live through a pandemic but the worst thing that we can do is not to learn from the experience
etq-077	1	"Neither the old nor the new German flag is much in evidence, but when there is a display, the Bavarian colors appear, and occasionally even those of the House of Wittelsbach."
etq-078	1	"Thus, the foreign object on the screen may be detected based on the distribution of brightness of the detection image, to precisely detect whether there is a foreign object on the screen."
etq-079	1	"The motor of claim 12 wherein there is an additional stator pole piece at both ends of said stator assembly, and said rotor assembly including said permanent rotor magnet extends beyond both ends of said stator assembly into said additional stator pole pieces.."
etq-080	0	There is do evid to support [mmermann's theory thai the hemorrhages are due to a plethora.
etq-081	0	"According to another aspect of the present disclosure, there is providedan image processing device, comprising: a processor; and a storage,wherein the storage is stored with a computer readable code whichperforms the training method for a tag identification network accordingto claim 1 when being executed by the processor."
etq-082	1	"Where when there is a larger amount of downlink traffic, more symbols are allocated for downlink transmission, and for example, the first channel is transmitted in the first symbol in the sub-frame #0, and it is indicated that the first symbol to the ninth symbol in each sub-frame (i.e., the sub-frame #0 and the sub-frame 1) in the transmission periodicity are used for downlink transmission, i.e., are downlink transmission resources; and the tenth symbol and the eleventh symbol in each sub-frame are guard periods."
etq-083	1	There may or may not be any gates present to assist in keeping vehicles 2 in the proper order.
etq-084	1	Restoring the power to the inactive drive first will allow the inactive drive enough time to come up to speed so there will be no dead time or delay between writing of the two drives.
etq-085	0	"We have no difficulty at the first level in concluding that there is nothing in statute, decisional law or public policy which would preclude the board of education, acting in behalf of the district, and the association, should they agree to do so, from referring disputes of the present nature to arbitration."
etq-086	1	"There are many things the President wishes to go into when the committee meets with him, but today's information, from well-informed circles, is that there is nothing of immediate importance for consideration."
etq-087	0	"In one embodiment of the present disclosure, there is provided a method comprising obtaining a sample, extracting genetic material, generating a genetic profile from the genetic material comprising a set of patient score values, each of which may be a function of one or more measurable characteristics of the genetic material, and generating a prognosis as to whether or not the patient is likely to be responsive to the drug at a selected dosage, based on a comparison between patient score values and reference information."
etq-088	1	"As a result, there was no intrinsic value or deferred compensation related to these options."
etq-089	0	"A guest may query the portal 10 for information about which buses stop there, where they go, and when they come."
etq-090	1	"Although there are a number of methods and devices available to assist in these procedures, the incidence of complications remains high, particularly in high risk and elderly populations."
etq-091	1	Furniture of her Happy Home and wondering if there is any escape outside the Acid Bottle.
etq-092	1	There is no point of the larynx where ulcérations are not found.
etq-093	1	There is no disciplined organization to take charge of food ships in the harbor or to police the city.
etq-094	1	"As a study on substances that can protect a living body from radiation, there was a report made in 1949 saying that cystein containing thiol group displays the radioprotective effects."
etq-095	0	"There are undeniably two forms of motion to be observed in a human body, a human natural and an animal."
etq-096	1	"Proceedingsonthatproposal,whichisbasedon Article118aoftheTreaty,areatanadvancedstage,but thereremainafewtechnicalproblemstoberesolved."
etq-097	1	"What little of fact and inference has been above set down, ■n-ill, however, serve to make comprehensible the general truths respecting which, in their main outlines, there can be no question."
etq-098	0	"In consequence, there is added to genuine natural realism which accepts the casual connection of ideas with events and their po- tential reference to subsequent events, a specious realistic theory which takes the island for a solid and complete continent."
etq-099	1	There are many differences between abbreviated parse scanning operations and traditional full parsing operations.